Exporters,Imported value in 2008,Imported value in 2009,Imported value in 2010,Imported value in 2011,Imported value in 2012,Imported value in 2013,Imported value in 2014,Imported value in 2015,Imported value in 2016,Imported value in 2017,Imported value in 2018,Imported value in 2019
World,1386,1172,4087,1487,12755,7738,6635,3946,7024,70,413,1935
China,877,462,1918,541,476,125,878,857,2369,21,37,1468
Pakistan,316,446,1138,774,8771,1867,324,269,564,20,18,389
India,144,157,27,0,0,18,973,117,10,5,1,31
"Iran, Islamic Republic of",6,8,217,14,162,226,1392,727,1454,0,0,25
Türkiye,11,0,17,4,20,226,1864,1874,518,22,52,18
United Arab Emirates,32,71,661,2,3177,4641,1133,60,2088,0,0,4
Turkmenistan,0,0,0,0,0,0,0,21,0,0,0,0
Australia,0,0,0,0,0,0,0,0,0,0,111,0
Canada,0,0,0,0,0,0,0,0,0,0,26,0
Germany,0,0,14,0,18,0,0,0,0,0,72,0
Indonesia,0,0,0,0,119,552,64,2,0,0,0,0
Italy,0,0,2,0,0,0,0,0,2,0,8,0
Jordan,0,0,0,0,12,0,0,0,0,0,0,0
"Korea, Republic of",0,0,0,3,0,0,0,5,16,0,0,0
Mexico,0,0,0,0,0,0,0,0,0,0,12,0
"Taipei, Chinese",0,0,0,0,0,0,0,13,0,0,0,0
Portugal,0,0,0,0,0,0,0,0,0,0,1,0
Saudi Arabia,0,3,22,0,0,0,0,0,3,0,0,0
Singapore,0,0,0,0,0,0,3,0,0,1,1,0
South Africa,0,0,0,0,0,0,0,0,0,0,10,0
Spain,0,0,0,0,0,0,0,1,0,0,0,0
Tajikistan,0,0,0,0,0,8,3,0,0,0,0,0
Thailand,0,0,0,150,0,0,0,0,0,0,0,0
United Kingdom,0,0,0,0,0,0,0,0,0,0,27,0
United States of America,0,24,72,0,0,75,0,0,0,0,38,0
HHI,0.460934809,0.305039935,0.374024103,0.426234043,0.586194649,0.477985844,0.159986667,0.368598078,0.260226874,0.140870743,0.158385945,0.636955346